,RankingMSELoss,MSELoss,mean
100,0.2510360005227002,0.2510360005227002,0.2510360005227002
100,0.005468084646219557,0.00545231235975569,0.005460198502987623
