,RankingMSELoss,MSELoss,mean
244,0.04814317093595215,0.08023859884427942,0.06419088489011579
244,0.0004187540793993875,0.0006979130038930832,0.0005583335416462353
